JNS	bound_address	nostr_account	nostr_account_hex
evan.j	0x	npub1dlwqsauewd56dekrnuxh8xukvg7pgeelwp39qah8ts5x28tmf7pqp5tcp3	6fdc0877997369a6e6c39f0d739b96623c14673f70625076e75c28651d7b4f82
io3art.j	0xAED63c01380EF0a555fAA09a022Ed1E103D64bF5	npub1cu4wtjl5nz2f3pvpw7dp40ynkqhnfr4q6enm0m83ceynck0s725qsuqp3j	c72ae5cbf49894988581779a1abc93b02f348ea0d667b7ecf1c6493c59f0f2a8
c.j	0x3a35885E1ba10B8c1ebeFecef169aD2AE8De99A8	npub1nfa2ftpt2fl4hxsnfr8f7htlnzrtgrrhuf0d5udz8e7nvx5zfv6quj666c	9a7aa4ac2b527f5b9a1348ce9f5d7f9886b40c77e25eda71a23e7d361a824b34
fang.j	0xB2b4596664EA23cC4a871887b9A5CCE16FE8FD1e	npub1gduqk0h4ys0mdrkxfrdhhyaja5enygp70wlkz30lyzvn79ty2u4qkym9th	43780b3ef5241fb68ec648db7b93b2ed3332203e7bbf6145ff20993f1564572a
koant.j	0x5BF50F2931688F886F46f88D5CEEDE530bB92076	npub140alnhjuzn56jz6kc3yd0uknztrvrrr3u66kuk8erjf2uvssxv4shye84y	abfbf9de5c14e9a90b56c448d7f2d312c6c18c71e6b56e58f91c92ae3210332b
music.j	0x999923C376ecF7D7f3eC554cCBf1218eF3d6C45B	npub1k5sdadgttul0vkyetggzly37a8kzc8v37scjtnz54y3fryeswr3q4a0exj	b520deb50b5f3ef658995a102f923ee9ec2c1d91f43125cc54a92291933070e2
li17.j	0xCb7D6BBc8f6033b7acedB3F196535C5BB8A2623C	npub17rwz53le7u66emfl97avutxw4sc27q2rspq4w5masmczgpj2ujgsezt6p6	f0dc2a47f9f735aced3f2fbace2cceac30af0143804157537d86f024064ae491
j.j	0x88A59D6914398FAEEAE2Fb9B50351f9373dEe1D6	npub1757zmpjxvr37t79ddxe278e8lugm7fphye2athdzr9z26ra47ups09l6ce	f53c2d864660e3e5f8ad69b2af1f27ff11bf24372655d5dda21944ad0fb5f703
web3.j	0xAD8eCe3F5Cb68CD9124e6B124B9985B41E7AdAf7	npub15rquc097lw6klvfxq5qg6kuw834vdvv5tt7uudgv8kmy7c5wnfkshftkpe	a0c1cc3cbefbb56fb12605008d5b8e3c6ac6b1945afdce350c3db64f628e9a6d
2917.j	0x44ba49929f327d12238699cd9b1ecfdb5f2ab86a	npub1rr3lrmdyz4u2xk2w46nwrv2u673gzpjg2wneyegslagm8qru2qtq44vxcy	18e3f1eda41578a3594eaea6e1b15cd7a281064853a7926510ff51b3807c5016
sizimao.j	0x8a14917Cd61bf71eae8E33e1E620c40471B62422	npub1engurlchymtq6d2gvex6q95zke5550xc7u5ee0ws0x45l03e2yxqy02epf	ccd1c1ff1726d60d3548664da01682b6694a3cd8f7299cbdd079ab4fbe39510c
seed.j	0x36b68b28e589e5eb41a6f22938054ea4bd82423d	npub1qyq25x0f040dfp80e9f7gvzn47r2t94q0mnda5u2v0xrgjukc6yqnhjg0y	0100aa19e97d5ed484efc953e43053af86a596a07ee6ded38a63cc344b96c688
dashu.j	0x03098BFD3861d998f14c62659B9bb2E4ecd89CE6	npub147jtng99n8h662vcn9q89zhv6hlpesnqtzm2rq4svykcfmg4p0ps9rhkhq	afa4b9a0a599efad29989940728aecd5fe1cc26058b6a182b0612d84ed150bc3
zhifei.j	0x55c2322840385C1391Dcd2D531D1272477A988a6	npub1qc52v9055x7jchzsyq448c2hud9v7y2442nmhqx26xtyjhay239que6kt0	0628a615f4a1bd2c5c50202b53e157e34acf1155aaa7bb80cad196495fa4544a
forever.j	0x095B0351Bf80f00819Fb81869b5ba3e31b90F234	npub1t00kuksts4ww2w0tecmxsm04gan8y6maayhl7fk67u24xp9vl8ysagtzh0	5bdf6e5a0b855ce539ebce36686df54766726b7de92fff26daf7155304acf9c9
crypto.j	0x221dBE859D1D5255fFAF5218E5FBAC78503C3Dce	npub176kfhp6zcrxdjfvhxunr6x7wets0v7phd6c9qwa9sqnclgzdurjq620065	f6ac9b8742c0ccd9259737263d1bcecae0f678376eb0503ba580278fa04de0e4
youyouliu.j	0xBc60eb6Bca561604ACE187033a06402c209e1922	npub1945qfqhsvrx2ve09ndkcjzu7jlnlhsvvj7r0qh7322e0cmsdfemqzxr95u	2d680482f060cca665e59b6d890b9e97e7fbc18c9786f05fd152b2fc6e0d4e76
ceiling0.j	0x303C3d152A00C4AAC6275d592E8061D80F4b28DF	npub1jglt9mtd6lptvc30fefvkr9pr0054a6jf2vdckrt0rvrygzreyesv4yuf6	923eb2ed6dd7c2b6622f4e52cb0ca11bdf4af7524a98dc586b78d8322043c933
666.j	0x23297B0749e51283d2424f8b4Fe1d472514B656a	npub129rfrxmux7k2f48t7kgcv82n8dfdk3uncjjmq5vsfpkfhfej5wnqgw6wlz	5146919b7c37aca4d4ebf591861d533b52db4793c4a5b05190486c9ba732a3a6
wang.j	0x9db50CA4FDbB3f451C90011ddd04D6e542D49A5f	npub1qypu4kv3wlt4rxyf3ha7a5wz8vrvca0vprq6cfp830frqy2vln2q3l8qm8	0103cad99177d75198898dfbeed1c23b06cc75ec08c1ac24278bd230114cfcd4
leon.j	0x1c341aCf8e6F0d8832B8DD4DC5e995f420bCBa5f	npub1vx4agj8mm9zqvkxjthu0mhghaveaer0z6dwc38s6pr025s8kmegs5swxwd	61abd448fbd9440658d25df8fddd17eb33dc8de2d35d889e1a08deaa40f6de51
ahao.j	0x646C083041951214fda9fcdF77755E38F8976ac0	npub1feflvarfzh03lv9pkdh42jk3rg9nz78vaueyh3q445l7pssvguzqa438c0	4e53f6746915df1fb0a1b36f554ad11a0b3178ecef324bc415ad3fe0c20c4704
geoffrey.j	0x9a6714d4D5ebb0022033Be681694E287BA0c1aBa	npub1pt9n2qyntqj49kdwqyv6rq6sxl0wgpn8tlt2pen8p62lgt8fwnaqw8gnw3	0acb350093582552d9ae0119a1835037dee406675fd6a0e6670e95f42ce974fa
lan.j	0xD91fBdA8067b694357Ed6e9Fc39472dCEcCCA9A4	npub13xvk73ht4wtysfaek7us3c5a2qa2re0seht6lwhqj6ywp2xlla8swc3ruv	89996f46ebab964827b9b7b908e29d503aa1e5f0cdd7afbae09688e0a8dfff4f
nfl.j	0xF66082F48cBc11ac83Cdde11644f4Db2f363205a	npub1wkvxtkfuj90fyrem6w2clwze0gwm2a78nqen9xcqpdkh9a6wgq7s6c57zv	759865d93c915e920f3bd3958fb8597a1db577c79833329b000b6d72f74e403d
zxiaoy.j	0x2685511FDb50757E79A877115A30D4238A1c65be	npub1mjlj2z0uzjslk3vytwhzspnw87gcyzpje0h7zv358pth3p2kx0ksyyw37j	dcbf2509fc14a1fb45845bae28066e3f91820832cbefe13234385778855633ed
zhaojiadi.j	0x526d6D57577c7C489Fa535992f4b32799E212D11	npub1qay85zqye0cqnjrq0vsqz6p0hapu7fk6e9at9rxtsprgrjq4c6ls8atfvp	07487a0804cbf009c8607b2001682fbf43cf26dac97ab28ccb804681c815c6bf
junbenyu.j	0xA57B0B24771C0e456C502a083948bE5bf8DFCB0D	npub1gqc0nqg6ps20vu0v2nssy9np74u53zz2lpzpj2tjukt32ey9ryeqxqshy6	4030f9811a0c14f671ec54e1021661f57948884af844192972e5971564851932
